Assessment Name,URL,Remote Testing,Adaptive/IRT,Duration,Test Type
Account Manager Solution,https://www.shl.com/solutions/products/product-catalog/view/account-manager-solution/,Yes,Yes,49 minutes,"C, P, A, B"
Administrative Professional - Short Form,https://www.shl.com/solutions/products/product-catalog/view/administrative-professional-short-form/,Yes,Yes,36 minutes,"A, K, P"
Agency Manager Solution,https://www.shl.com/solutions/products/product-catalog/view/agency-manager-solution/,Yes,Yes,51 minutes,"A, B, P, S"
Apprentice + 8.0 Job Focused Assessment,https://www.shl.com/solutions/products/product-catalog/view/apprentice-8-0-job-focused-assessment-4261/,Yes,No,30 minutes,"B, P"
Apprentice 8.0 Job Focused Assessment,https://www.shl.com/solutions/products/product-catalog/view/apprentice-8-0-job-focused-assessment/,Yes,No,20 minutes,"B, P"
Bank Administrative Assistant - Short Form,https://www.shl.com/solutions/products/product-catalog/view/bank-administrative-assistant-short-form/,Yes,No,35 minutes,"A, B, K, P"
Bank Collections Agent - Short Form,https://www.shl.com/solutions/products/product-catalog/view/bank-collections-agent-short-form/,Yes,No,45 minutes,"A, B, P"
Bank Operations Supervisor - Short Form,https://www.shl.com/solutions/products/product-catalog/view/bank-operations-supervisor-short-form/,Yes,Yes,45 minutes,"A, B, P, S"
Bilingual Spanish Reservation Agent Solution,https://www.shl.com/solutions/products/product-catalog/view/bilingual-spanish-reservation-agent-solution/,Yes,Yes,43 minutes,"B, P, S, A"
"Bookkeeping, Accounting, Auditing Clerk Short Form",https://www.shl.com/solutions/products/product-catalog/view/bookkeeping-accounting-auditing-clerk-short-form/,Yes,Yes,49 minutes,"P, S, K, B, A"
Branch Manager - Short Form,https://www.shl.com/solutions/products/product-catalog/view/branch-manager-short-form/,Yes,No,50 minutes,"A, B, P"
Cashier Solution,https://www.shl.com/solutions/products/product-catalog/view/cashier-solution/,Yes,Yes,28 minutes,"B, A, P"
Claims/Operations Supervisor Solution,https://www.shl.com/solutions/products/product-catalog/view/claimsoperations-supervisor-solution/,Yes,Yes,48 minutes,"P, S, A, B"
Contact Center Customer Service + 8.0,https://www.shl.com/solutions/products/product-catalog/view/contact-center-customer-service-8-0/,Yes,No,41 minutes,"A, B, C, P, S"
Contact Center Customer Service 8.0,https://www.shl.com/solutions/products/product-catalog/view/contact-center-customer-service-8-0-4269/,Yes,No,31 minutes,"S, B, C, P"
Contact Center Manager - Short Form,https://www.shl.com/solutions/products/product-catalog/view/contact-center-manager-short-form/,Yes,Yes,50 minutes,"A, B, P, S"
Contact Center Sales & Service + 8.0,https://www.shl.com/solutions/products/product-catalog/view/contact-center-sales-and-service-8-0/,Yes,No,41 minutes,"P, B, C, A, S"
Contact Center Sales & Service 8.0,https://www.shl.com/solutions/products/product-catalog/view/contact-center-sales-and-service-8-0-4268/,Yes,No,31 minutes,"S, B, C, P"
Contact Center Team Lead/Coach - Short Form,https://www.shl.com/solutions/products/product-catalog/view/contact-center-team-leadcoach-short-form/,Yes,Yes,45 minutes,"A, B, P, S"
Contact Centre Agent Solution - UK,https://www.shl.com/solutions/products/product-catalog/view/contact-centre-agent-solution-uk/,Yes,No,39 minutes,"A, B, P, S"
Customer Service - Short Form,https://www.shl.com/solutions/products/product-catalog/view/customer-service-short-form/,Yes,Yes,42 minutes,"A, B, P"
Customer Service - Short Form - UK,https://www.shl.com/solutions/products/product-catalog/view/customer-service-short-form-uk/,Yes,Yes,42 minutes,"A, B, P"
Customer Service with Sales - Short Form,https://www.shl.com/solutions/products/product-catalog/view/customer-service-with-sales-short-form/,Yes,Yes,44 minutes,"A, B, P"
Director - Short Form,https://www.shl.com/solutions/products/product-catalog/view/director-short-form/,Yes,Yes,69 minutes,"A, B, P"
District/Regional Manager Solution,https://www.shl.com/solutions/products/product-catalog/view/districtregional-manager-solution/,Yes,Yes,65 minutes,"A, B, P"
Entry Level Cashier 7.1 (Americas),https://www.shl.com/solutions/products/product-catalog/view/entry-level-cashier-7-1-%28americas%29/,Yes,No,18 minutes,"B, P, A"
Entry Level Cashier 7.1 (International),https://www.shl.com/solutions/products/product-catalog/view/entry-level-cashier-7-1-%28international%29/,Yes,No,18 minutes,"A, B, P"
Entry Level Customer Service 7.1 (Americas),https://www.shl.com/solutions/products/product-catalog/view/entry-level-customer-service-7-1-%28americas%29/,Yes,No,19 minutes,"C, P"
Entry Level Customer Service 7.1 (International),https://www.shl.com/solutions/products/product-catalog/view/entry-level-customer-service-%28retail-and-cc%29-7-1/,Yes,No,19 minutes,"C, P"
Entry Level Customer Service 7.1 (South Africa),https://www.shl.com/solutions/products/product-catalog/view/entry-level-customer-service-7-1-%28south-africa%29/,Yes,No,19 minutes,"C, P"
Entry level Sales 7.1 (Americas),https://www.shl.com/solutions/products/product-catalog/view/entry-level-sales-7-1-%28americas%29/,Yes,No,20 minutes,"B, C, P"
Entry level Sales 7.1 (International),https://www.shl.com/solutions/products/product-catalog/view/entry-level-sales-7-1/,Yes,No,20 minutes,"P, B, C"
Entry Level Sales Sift Out 7.1,https://www.shl.com/solutions/products/product-catalog/view/entry-level-sales-sift-out-7-1/,Yes,No,20 minutes,"C, P, B"
Event Sales Manager Solution,https://www.shl.com/solutions/products/product-catalog/view/event-sales-manager-solution/,Yes,Yes,50 minutes,"S, A, B, P"
Executive - Short Form,https://www.shl.com/solutions/products/product-catalog/view/executive-short-form/,Yes,Yes,74 minutes,"A, B, P"
Financial Professional - Short Form,https://www.shl.com/solutions/products/product-catalog/view/financial-professional-short-form/,Yes,No,35 minutes,"A, B, P"
Financial Services Representative Solution,https://www.shl.com/solutions/products/product-catalog/view/financial-services-representative-solution/,Yes,No,44 minutes,"A, B, P"
Front Desk Associate Solution,https://www.shl.com/solutions/products/product-catalog/view/front-desk-associate-solution/,Yes,Yes,50 minutes,"A, B, P"
Gaming Associate Solution,https://www.shl.com/solutions/products/product-catalog/view/gaming-associate-solution/,Yes,Yes,50 minutes,"A, B, P, S"
Gaming Manager Solution,https://www.shl.com/solutions/products/product-catalog/view/gaming-manager-solution/,Yes,Yes,55 minutes,"S, A, B, K, P"
General Entry Level - All Industries 7.0 Solution,https://www.shl.com/solutions/products/product-catalog/view/general-entry-level-all-industries-7-0-solution/,Yes,No,19 minutes,B
General Entry Level - All Industries 7.1 Solution,https://www.shl.com/solutions/products/product-catalog/view/general-entry-level-all-industries-7-1-solution/,Yes,No,19 minutes,B
General Entry Level - All Industries 7.1(Americas),https://www.shl.com/solutions/products/product-catalog/view/general-entry-level-all-industries-7-1%28americas%29/,Yes,No,19 minutes,B
General Entry Level â€“ Data Entry 7.0 Solution,https://www.shl.com/solutions/products/product-catalog/view/general-entry-level-data-entry-7-0-solution/,Yes,No,24 minutes,"B, K"
Graduate + 8.0 Job Focused Assessment,https://www.shl.com/solutions/products/product-catalog/view/graduate-8-0-job-focused-assessment/,Yes,No,30 minutes,"A, B, P"
Graduate 7.1 Job Focused Assessment,https://www.shl.com/solutions/products/product-catalog/view/graduate-7-1-job-focused-assessment/,Yes,No,19 minutes,"B, C"
Graduate 8.0 Job Focused Assessment,https://www.shl.com/solutions/products/product-catalog/view/graduate-8-0-job-focused-assessment-4228/,Yes,No,20 minutes,"P, B"
Guest Service Team 7.0 Solution,https://www.shl.com/solutions/products/product-catalog/view/guest-service-team-7-0-solution/,Yes,No,18 minutes,B
Guest Services Associate Solution,https://www.shl.com/solutions/products/product-catalog/view/guest-services-associate-solution/,Yes,Yes,48 minutes,"A, B, P, S"
Healthcare Aide 7.0 Solution,https://www.shl.com/solutions/products/product-catalog/view/healthcare-aide-7-0-solution/,Yes,No,22 minutes,B
Healthcare Call Center Agent Solution,https://www.shl.com/solutions/products/product-catalog/view/healthcare-call-center-agent-solution/,Yes,Yes,44 minutes,"A, B, P, S"
Healthcare Service Associate Solution,https://www.shl.com/solutions/products/product-catalog/view/healthcare-service-associate-solution/,Yes,Yes,37 minutes,"A, B, P"
Healthcare Support Specialist Solution,https://www.shl.com/solutions/products/product-catalog/view/healthcare-support-specialist-solution/,Yes,Yes,30 minutes,"A, B, P"
Home Health Aide Solution,https://www.shl.com/solutions/products/product-catalog/view/home-health-aide-solution/,Yes,Yes,41 minutes,"A, B, P"
Hospitality Manager Solution,https://www.shl.com/solutions/products/product-catalog/view/hospitality-manager-solution/,Yes,Yes,57 minutes,"A, B, K, P"
Host Solution,https://www.shl.com/solutions/products/product-catalog/view/host-solution/,Yes,Yes,30 minutes,"B, P"
Industrial - Entry Level 7.0 Solution,https://www.shl.com/solutions/products/product-catalog/view/industrial-entry-level-7-0-solution/,Yes,No,20 minutes,B
Industrial - Entry Level 7.1 (Americas),https://www.shl.com/solutions/products/product-catalog/view/industrial-entry-level-7-1-%28americas%29/,Yes,No,20 minutes,B
Industrial - Entry Level 7.1 (International),https://www.shl.com/solutions/products/product-catalog/view/industrial-entry-level-7-1-%28international%29/,Yes,No,20 minutes,B
Industrial - Professional and Skilled 7.0 Solution,https://www.shl.com/solutions/products/product-catalog/view/industrial-professional-and-skilled-7-0-solution/,Yes,Yes,49 minutes,"A, B"
Industrial - Semi-skilled 7.1 (Americas),https://www.shl.com/solutions/products/product-catalog/view/industrial-semi-skilled-7-1-%28americas%29/,Yes,No,24 minutes,B
Industrial - Semi-skilled 7.1 (International),https://www.shl.com/solutions/products/product-catalog/view/industrial-semi-skilled-7-1-%28international%29/,Yes,No,24 minutes,B
Industrial Professional and Skilled 7.1 (Americas),https://www.shl.com/solutions/products/product-catalog/view/industrial-professional-and-skilled-7-1-%28americas%29/,Yes,No,49 minutes,"A, B"
Industrial Professional and Skilled 7.1 Solution,https://www.shl.com/solutions/products/product-catalog/view/industrial-professional-and-skilled-7-1-solution/,Yes,No,49 minutes,"A, B"
Installation and Repair Technician Solution,https://www.shl.com/solutions/products/product-catalog/view/installation-and-repair-technician-solution/,Yes,Yes,49 minutes,"A, B, P, S"
Insurance Account Manager Solution,https://www.shl.com/solutions/products/product-catalog/view/insurance-account-manager-solution/,Yes,Yes,48 minutes,"A, B, P, S"
Insurance Administrative Assistant Solution,https://www.shl.com/solutions/products/product-catalog/view/insurance-administrative-assistant-solution/,Yes,Yes,24 minutes,"A, B, P, S"
Insurance Agent Solution,https://www.shl.com/solutions/products/product-catalog/view/insurance-agent-solution/,Yes,Yes,46 minutes,"A, B, P"
Insurance Director Solution,https://www.shl.com/solutions/products/product-catalog/view/insurance-director-solution/,Yes,Yes,49 minutes,"A, B, P"
Insurance Sales Manager Solution,https://www.shl.com/solutions/products/product-catalog/view/insurance-sales-manager-solution/,Yes,Yes,51 minutes,"A, B, P, S"
Manager - Short Form,https://www.shl.com/solutions/products/product-catalog/view/manager-short-form/,Yes,Yes,57 minutes,"A, B, K, P, S"
Manager + 7.0 Solution,https://www.shl.com/solutions/products/product-catalog/view/manager-7-0-solution-3955/,Yes,Yes,53 minutes,"A, B, C"
Manager + 7.1 (Americas),https://www.shl.com/solutions/products/product-catalog/view/manager-7-1-solution-4242/,Yes,Yes,63 minutes,"B, C, P"
Manager + 7.1 (International),https://www.shl.com/solutions/products/product-catalog/view/manager-7-1-%28international%29/,Yes,Yes,63 minutes,"B, C, P"
Manager 7.0 Solution,https://www.shl.com/solutions/products/product-catalog/view/manager-7-0-solution/,Yes,No,35 minutes,"B, C"
Manager 7.1 (Americas),https://www.shl.com/solutions/products/product-catalog/view/manager-7-1-%28americas%29/,Yes,No,40 minutes,"B, C, P"
Manager 7.1 (International),https://www.shl.com/solutions/products/product-catalog/view/manager-7-1-solution/,Yes,No,40 minutes,"B, C, P"
Manager 8.0 JFA,https://www.shl.com/solutions/products/product-catalog/view/manager-8-0-jfa/,Yes,No,26 minutes,"B, K, P"
Manager 8.0+ JFA,https://www.shl.com/solutions/products/product-catalog/view/manager-8-0-jfa-4310/,Yes,No,44 minutes,"B, K, P"
Manufacturing Production Team Member,https://www.shl.com/solutions/products/product-catalog/view/manufacturing-production-team-member/,Yes,No,35 minutes,"A, B"
Manufacturing Skilled Maintenance Worker,https://www.shl.com/solutions/products/product-catalog/view/manufacturing-skilled-maintenance-worker/,Yes,No,45 minutes,"A, B"
Network Engineer/Analyst Solution,https://www.shl.com/solutions/products/product-catalog/view/network-engineeranalyst-solution/,Yes,Yes,41 minutes,"P, S, K, B, A"
Nurse Leader Solution,https://www.shl.com/solutions/products/product-catalog/view/nurse-leader-solution/,Yes,Yes,59 minutes,"S, A, B, P"
Nurse Solution,https://www.shl.com/solutions/products/product-catalog/view/nurse-solution/,Yes,Yes,66 minutes,"P, A, B"
Nursing Assistant Solution,https://www.shl.com/solutions/products/product-catalog/view/nursing-assistant-solution/,Yes,No,41 minutes,"A, B, P"
Personal Banker - Short Form,https://www.shl.com/solutions/products/product-catalog/view/personal-banker-short-form/,Yes,No,30 minutes,"A, B, K, P, S"
Phone Banker - Short Form,https://www.shl.com/solutions/products/product-catalog/view/phone-banker-short-form/,Yes,No,40 minutes,"A, B, P"
Prep/Line Cook Solution,https://www.shl.com/solutions/products/product-catalog/view/prepline-cook-solution/,Yes,Yes,24 minutes,"A, B, P"
Professional + 7.0 Solution,https://www.shl.com/solutions/products/product-catalog/view/professional-7-0-solution-3958/,Yes,Yes,51 minutes,"A, B, C"
Professional + 7.1 (Americas),https://www.shl.com/solutions/products/product-catalog/view/professional-7-1-%28americas%29/,Yes,Yes,56 minutes,"B, C, P"
Professional + 7.1 (International),https://www.shl.com/solutions/products/product-catalog/view/professional-7-1-solution/,Yes,Yes,56 minutes,"B, C, P"
Professional 7.0 Solution,https://www.shl.com/solutions/products/product-catalog/view/professional-7-0-solution/,Yes,No,33 minutes,"B, C"
Professional 7.1 (International),https://www.shl.com/solutions/products/product-catalog/view/professional-7-1-solution-4247/,Yes,No,33 minutes,"C, B"
Professional 8.0 JFA,https://www.shl.com/solutions/products/product-catalog/view/professional-8-0-jfa/,Yes,No,16 minutes,"B, K, P"
Professional/Individual Contributor - Short Form,https://www.shl.com/solutions/products/product-catalog/view/professionalindividual-contributor-short-form/,Yes,Yes,44 minutes,"A, B, P, S"
Project Manager - Short Form,https://www.shl.com/solutions/products/product-catalog/view/project-manager-short-form/,Yes,Yes,49 minutes,"A, B, P, S"
Proof Operator - Processing Specialist -Short Form,https://www.shl.com/solutions/products/product-catalog/view/proof-operator-processing-specialist-short-form/,Yes,No,30 minutes,S
Reservation Agent Solution,https://www.shl.com/solutions/products/product-catalog/view/reservation-agent-solution/,Yes,Yes,43 minutes,"A, P, S, B"
Restaurant Manager Solution,https://www.shl.com/solutions/products/product-catalog/view/restaurant-manager-solution/,Yes,Yes,48 minutes,"A, B, P, S"
Restaurant Supervisor Solution,https://www.shl.com/solutions/products/product-catalog/view/restaurant-supervisor-solution/,Yes,Yes,53 minutes,"A, B, P"
Retail Consultant Solution,https://www.shl.com/solutions/products/product-catalog/view/retail-consultant-solution/,Yes,Yes,45 minutes,"A, B, P"
Retail Manager w/ Sales Solution,https://www.shl.com/solutions/products/product-catalog/view/retail-manager-w-sales-solution/,Yes,Yes,43 minutes,"A, B, P"
Retail Sales Associate Solution,https://www.shl.com/solutions/products/product-catalog/view/retail-sales-associate-solution/,Yes,Yes,29 minutes,"A, B, P"
Sales Director Solution,https://www.shl.com/solutions/products/product-catalog/view/sales-director-solution/,Yes,Yes,59 minutes,"A, B, P"
Sales Engineer Solution,https://www.shl.com/solutions/products/product-catalog/view/sales-engineer-solution/,Yes,Yes,61 minutes,"A, B, K, P, S"
Sales Manager Solution,https://www.shl.com/solutions/products/product-catalog/view/sales-manager-solution/,Yes,Yes,63 minutes,"A, B, P"
Sales Professional 7.0 Solution,https://www.shl.com/solutions/products/product-catalog/view/sales-professional-7-0-solution/,Yes,No,21 minutes,"C, B"
Sales Professional 7.1 (Americas),https://www.shl.com/solutions/products/product-catalog/view/sales-professional-7-1-%28americas%29/,Yes,No,21 minutes,"B, C"
Sales Professional Solution,https://www.shl.com/solutions/products/product-catalog/view/sales-professional-solution/,Yes,Yes,47 minutes,"A, B, P"
Sales Representative Solution,https://www.shl.com/solutions/products/product-catalog/view/sales-representative-solution/,Yes,Yes,29 minutes,"A, B, P"
Sales Supervisor Solution,https://www.shl.com/solutions/products/product-catalog/view/sales-supervisor-solution/,Yes,Yes,38 minutes,"A, B, P"
Sales Support Specialist Solution,https://www.shl.com/solutions/products/product-catalog/view/sales-support-specialist-solution/,Yes,Yes,43 minutes,"A, B, P"
Senior Insurance Agent Solution,https://www.shl.com/solutions/products/product-catalog/view/senior-insurance-agent-solution/,Yes,No,44 minutes,"A, B, P"
Senior Sales Professional Solution,https://www.shl.com/solutions/products/product-catalog/view/senior-sales-professional-solution/,Yes,Yes,42 minutes,"A, B, P"
Server Solution,https://www.shl.com/solutions/products/product-catalog/view/server-solution/,Yes,Yes,40 minutes,"B, A, P"
Service Associate Solution,https://www.shl.com/solutions/products/product-catalog/view/service-associate-solution/,Yes,Yes,38 minutes,"A, B, P"
Service Supervisor Solution,https://www.shl.com/solutions/products/product-catalog/view/service-supervisor-solution/,Yes,Yes,48 minutes,"A, B, P"
Stock Clerk Solution,https://www.shl.com/solutions/products/product-catalog/view/stock-clerk-solution/,Yes,No,25 minutes,"A, B, P"
Store Manager 7.0 Solution,https://www.shl.com/solutions/products/product-catalog/view/store-manager-7-0-solution/,Yes,No,34 minutes,"B, C"
Store Manager 7.1 (Americas),https://www.shl.com/solutions/products/product-catalog/view/store-manager-7-1-%28americas%29/,Yes,No,34 minutes,"B, C"
Store Manager 7.1 (International),https://www.shl.com/solutions/products/product-catalog/view/store-manager-7-1-%28international%29/,Yes,No,34 minutes,"C, B"
Store Manager Solution,https://www.shl.com/solutions/products/product-catalog/view/store-manager-solution/,Yes,Yes,49 minutes,"A, B, P"
Supervisor - Short Form,https://www.shl.com/solutions/products/product-catalog/view/supervisor-short-form/,Yes,Yes,57 minutes,S
Supervisor 7.0 Solution,https://www.shl.com/solutions/products/product-catalog/view/supervisor-7-0-solution/,Yes,No,32 minutes,"B, C"
Supervisor 7.1 (Americas),https://www.shl.com/solutions/products/product-catalog/view/supervisor-7-1-%28americas%29/,Yes,No,29 minutes,"B, C, P"
Supervisor 7.1 (International),https://www.shl.com/solutions/products/product-catalog/view/supervisor-7-1-%28international%29/,Yes,No,29 minutes,"P, C, B"
Support Associate Solution,https://www.shl.com/solutions/products/product-catalog/view/support-associate-solution/,Yes,Yes,38 minutes,"A, B, P"
Support Supervisor Solution,https://www.shl.com/solutions/products/product-catalog/view/support-supervisor-solution/,Yes,Yes,39 minutes,"A, P, S, B"
Technical Sales Associate Solution,https://www.shl.com/solutions/products/product-catalog/view/technical-sales-associate-solution/,Yes,No,41 minutes,"A, B, P"
Technician/Technologist Solution,https://www.shl.com/solutions/products/product-catalog/view/techniciantechnologist-solution/,Yes,Yes,52 minutes,"A, B, P"
Technology Professional 8.0 Job Focused Assessment,https://www.shl.com/solutions/products/product-catalog/view/technology-professional-8-0-job-focused-assessment/,Yes,No,16 minutes,"C, P"
Telenurse Solution,https://www.shl.com/solutions/products/product-catalog/view/telenurse-solution/,Yes,Yes,68 minutes,"A, B, P"
Teller 7.0,https://www.shl.com/solutions/products/product-catalog/view/teller-7-0/,Yes,Yes,35 minutes,"B, K, P, S"
Teller with Sales - Short Form,https://www.shl.com/solutions/products/product-catalog/view/teller-with-sales-short-form/,Yes,No,35 minutes,"A, B, K, P, S"
Transcriptionist Solution,https://www.shl.com/solutions/products/product-catalog/view/transcriptionist-solution/,Yes,Yes,33 minutes,"A, B, K, P"
Workplace Safety - Individual 7.0 Solution,https://www.shl.com/solutions/products/product-catalog/view/workplace-safety-individual-7-0-solution/,Yes,No,16 minutes,B
Workplace Safety - Individual 7.1 (Americas),https://www.shl.com/solutions/products/product-catalog/view/workplace-safety-individual-7-1-solution/,Yes,No,16 minutes,B
Workplace Safety - Team 7.0 Solution,https://www.shl.com/solutions/products/product-catalog/view/workplace-safety-team-7-0-solution/,Yes,No,20 minutes,B
Workplace Safety - Team 7.1 (Americas),https://www.shl.com/solutions/products/product-catalog/view/workplace-safety-team-7-1-%28americas%29/,Yes,No,20 minutes,"B, C, P"
Workplace Safety - Team 7.1 (International),https://www.shl.com/solutions/products/product-catalog/view/workplace-safety-team-7-1-solution/,Yes,No,20 minutes,"B, C, P"
Workplace Safety Solution,https://www.shl.com/solutions/products/product-catalog/view/workplace-safety-solution/,Yes,Yes,21 minutes,"B, P"
Assessment Name,URL,Remote Testing,Adaptive/IRT,Duration,Test Type
Global Skills Development Report,https://www.shl.com/solutions/products/product-catalog/view/global-skills-development-report/,Yes,No,N/A,"A, E, B, C, D, P"
.NET Framework 4.5,https://www.shl.com/solutions/products/product-catalog/view/net-framework-4-5/,Yes,Yes,30 minutes,K
.NET MVC (New),https://www.shl.com/solutions/products/product-catalog/view/net-mvc-new/,Yes,No,17 minutes,K
.NET MVVM (New),https://www.shl.com/solutions/products/product-catalog/view/net-mvvm-new/,Yes,No,5 minutes,K
.NET WCF (New),https://www.shl.com/solutions/products/product-catalog/view/net-wcf-new/,Yes,No,11 minutes,K
.NET WPF (New),https://www.shl.com/solutions/products/product-catalog/view/net-wpf-new/,Yes,No,9 minutes,K
.NET XAML (New),https://www.shl.com/solutions/products/product-catalog/view/net-xaml-new/,Yes,No,5 minutes,K
Accounts Payable (New),https://www.shl.com/solutions/products/product-catalog/view/accounts-payable-new/,Yes,No,9 minutes,K
Accounts Payable Simulation (New),https://www.shl.com/solutions/products/product-catalog/view/accounts-payable-simulation-new/,Yes,No,8 minutes,S
Accounts Receivable (New),https://www.shl.com/solutions/products/product-catalog/view/accounts-receivable-new/,Yes,No,13 minutes,K
Accounts Receivable Simulation (New),https://www.shl.com/solutions/products/product-catalog/view/accounts-receivable-simulation-new/,Yes,No,8 minutes,S
ADO.NET (New),https://www.shl.com/solutions/products/product-catalog/view/ado-net-new/,Yes,No,10 minutes,K
Global Skills Development Report,https://www.shl.com/solutions/products/product-catalog/view/global-skills-development-report/,Yes,No,N/A,"A, E, B, C, D, P"
.NET Framework 4.5,https://www.shl.com/solutions/products/product-catalog/view/net-framework-4-5/,Yes,Yes,30 minutes,K
.NET MVC (New),https://www.shl.com/solutions/products/product-catalog/view/net-mvc-new/,Yes,No,17 minutes,K
.NET MVVM (New),https://www.shl.com/solutions/products/product-catalog/view/net-mvvm-new/,Yes,No,5 minutes,K
.NET WCF (New),https://www.shl.com/solutions/products/product-catalog/view/net-wcf-new/,Yes,No,11 minutes,K
.NET WPF (New),https://www.shl.com/solutions/products/product-catalog/view/net-wpf-new/,Yes,No,9 minutes,K
.NET XAML (New),https://www.shl.com/solutions/products/product-catalog/view/net-xaml-new/,Yes,No,5 minutes,K
Accounts Payable (New),https://www.shl.com/solutions/products/product-catalog/view/accounts-payable-new/,Yes,No,9 minutes,K
Accounts Payable Simulation (New),https://www.shl.com/solutions/products/product-catalog/view/accounts-payable-simulation-new/,Yes,No,8 minutes,S
Accounts Receivable (New),https://www.shl.com/solutions/products/product-catalog/view/accounts-receivable-new/,Yes,No,13 minutes,K
Accounts Receivable Simulation (New),https://www.shl.com/solutions/products/product-catalog/view/accounts-receivable-simulation-new/,Yes,No,8 minutes,S
ADO.NET (New),https://www.shl.com/solutions/products/product-catalog/view/ado-net-new/,Yes,No,10 minutes,K
Automata Data Science (New),https://www.shl.com/solutions/products/product-catalog/view/automata-data-science-new/,Yes,No,60 minutes,S
Automata Data Science Pro (New),https://www.shl.com/solutions/products/product-catalog/view/automata-data-science-pro-new/,Yes,No,60 minutes,S
Automata Front End,https://www.shl.com/solutions/products/product-catalog/view/automata-front-end/,Yes,No,30 minutes,S
Automata Pro (New),https://www.shl.com/solutions/products/product-catalog/view/automata-pro-new/,Yes,No,60 minutes,S
Automata Selenium,https://www.shl.com/solutions/products/product-catalog/view/automata-selenium/,Yes,No,60 minutes,S
Automation Anywhere RPA Development (New),https://www.shl.com/solutions/products/product-catalog/view/automation-anywhere-rpa-development-new/,Yes,No,8 minutes,K
Automotive Engineering (New),https://www.shl.com/solutions/products/product-catalog/view/automotive-engineering-new/,Yes,No,13 minutes,K
Basic Biology (New),https://www.shl.com/solutions/products/product-catalog/view/basic-biology-new/,Yes,No,6 minutes,K
Basic Computer Literacy (Windows 10) (New),https://www.shl.com/solutions/products/product-catalog/view/basic-computer-literacy-windows-10-new/,Yes,No,30 minutes,"S, K"
Basic Statistics (New),https://www.shl.com/solutions/products/product-catalog/view/basic-statistics-new/,Yes,No,10 minutes,K
Biochemistry (New),https://www.shl.com/solutions/products/product-catalog/view/biochemistry-new/,Yes,No,8 minutes,K
Biotech Lab Techniques (New),https://www.shl.com/solutions/products/product-catalog/view/biotech-lab-techniques-new/,Yes,No,5 minutes,K
Global Skills Development Report,https://www.shl.com/solutions/products/product-catalog/view/global-skills-development-report/,Yes,No,N/A,"A, E, B, C, D, P"
.NET Framework 4.5,https://www.shl.com/solutions/products/product-catalog/view/net-framework-4-5/,Yes,Yes,30 minutes,K
.NET MVC (New),https://www.shl.com/solutions/products/product-catalog/view/net-mvc-new/,Yes,No,17 minutes,K
.NET MVVM (New),https://www.shl.com/solutions/products/product-catalog/view/net-mvvm-new/,Yes,No,5 minutes,K
.NET WCF (New),https://www.shl.com/solutions/products/product-catalog/view/net-wcf-new/,Yes,No,11 minutes,K
.NET WPF (New),https://www.shl.com/solutions/products/product-catalog/view/net-wpf-new/,Yes,No,9 minutes,K
.NET XAML (New),https://www.shl.com/solutions/products/product-catalog/view/net-xaml-new/,Yes,No,5 minutes,K
Accounts Payable (New),https://www.shl.com/solutions/products/product-catalog/view/accounts-payable-new/,Yes,No,9 minutes,K
Accounts Payable Simulation (New),https://www.shl.com/solutions/products/product-catalog/view/accounts-payable-simulation-new/,Yes,No,8 minutes,S
Accounts Receivable (New),https://www.shl.com/solutions/products/product-catalog/view/accounts-receivable-new/,Yes,No,13 minutes,K
Accounts Receivable Simulation (New),https://www.shl.com/solutions/products/product-catalog/view/accounts-receivable-simulation-new/,Yes,No,8 minutes,S
ADO.NET (New),https://www.shl.com/solutions/products/product-catalog/view/ado-net-new/,Yes,No,10 minutes,K
COBOL Programming (New),https://www.shl.com/solutions/products/product-catalog/view/cobol-programming-new/,Yes,No,10 minutes,K
Computer Science (New),https://www.shl.com/solutions/products/product-catalog/view/computer-science-new/,Yes,No,12 minutes,K
Contact Center Call Simulation (New),https://www.shl.com/solutions/products/product-catalog/view/contact-center-call-simulation-new/,Yes,No,15 minutes,S
Conversational Multichat Simulation,https://www.shl.com/solutions/products/product-catalog/view/conversational-multichat-simulation/,Yes,No,11 minutes,S
Core Java (Advanced Level) (New),https://www.shl.com/solutions/products/product-catalog/view/core-java-advanced-level-new/,Yes,No,13 minutes,K
Core Java (Entry Level) (New),https://www.shl.com/solutions/products/product-catalog/view/core-java-entry-level-new/,Yes,No,13 minutes,K
Count Out The Money,https://www.shl.com/solutions/products/product-catalog/view/count-out-the-money/,Yes,Yes,5 minutes,"K, S"
CSS3 (New),https://www.shl.com/solutions/products/product-catalog/view/css3-new/,Yes,No,8 minutes,K
Culinary Skills (New),https://www.shl.com/solutions/products/product-catalog/view/culinary-skills-new/,Yes,No,7 minutes,K
Customer Service Phone Simulation,https://www.shl.com/solutions/products/product-catalog/view/customer-service-phone-simulation/,Yes,No,20 minutes,"B, S"
Customer Service Phone Solution,https://www.shl.com/solutions/products/product-catalog/view/customer-service-phone-solution/,Yes,No,30 minutes,"B, P, S"
Cyber Risk (New),https://www.shl.com/solutions/products/product-catalog/view/cyber-risk-new/,Yes,No,9 minutes,K
Data Entry (New),https://www.shl.com/solutions/products/product-catalog/view/data-entry-new/,Yes,No,4 minutes,S
Data Entry Alphanumeric Split Screen - US,https://www.shl.com/solutions/products/product-catalog/view/data-entry-alphanumeric-split-screen-us/,Yes,No,5 minutes,K
Data Entry Numeric Split Screen - US,https://www.shl.com/solutions/products/product-catalog/view/data-entry-numeric-split-screen-us/,Yes,No,5 minutes,K
Data Entry Ten Key Split Screen,https://www.shl.com/solutions/products/product-catalog/view/data-entry-ten-key-split-screen/,Yes,No,3 minutes,K
Data Science (New),https://www.shl.com/solutions/products/product-catalog/view/data-science-new/,Yes,No,14 minutes,K
Data Warehousing Concepts,https://www.shl.com/solutions/products/product-catalog/view/data-warehousing-concepts/,Yes,Yes,25 minutes,K
Dependability and Safety Instrument (DSI),https://www.shl.com/solutions/products/product-catalog/view/dependability-and-safety-instrument-dsi/,Yes,No,10 minutes,P
Dermatology (New),https://www.shl.com/solutions/products/product-catalog/view/dermatology-new/,Yes,No,3 minutes,K
Desktop Support (New),https://www.shl.com/solutions/products/product-catalog/view/desktop-support-new/,Yes,No,8 minutes,K
Digital Advertising (New),https://www.shl.com/solutions/products/product-catalog/view/digital-advertising-new/,Yes,No,7 minutes,K
Digital Readiness Development Report - IC,https://www.shl.com/solutions/products/product-catalog/view/digital-readiness-development-report/,Yes,No,N/A,P
Digital Readiness Development Report - Manager,https://www.shl.com/solutions/products/product-catalog/view/digital-readiness-development-report-manager/,Yes,No,N/A,P
Docker (New),https://www.shl.com/solutions/products/product-catalog/view/docker-new/,Yes,No,10 minutes,K
Dojo (New),https://www.shl.com/solutions/products/product-catalog/view/dojo-new/,Yes,No,11 minutes,K
Drupal (New),https://www.shl.com/solutions/products/product-catalog/view/drupal-new/,Yes,No,17 minutes,K
DSI v1.1 Interpretation Report,https://www.shl.com/solutions/products/product-catalog/view/dsi-v1-1-interpretation-report/,Yes,No,N/A,P
Econometrics (New),https://www.shl.com/solutions/products/product-catalog/view/econometrics-new/,Yes,No,11 minutes,K
Economics (New),https://www.shl.com/solutions/products/product-catalog/view/economics-new/,Yes,No,13 minutes,K
Electrical and Electronics Engineering (New),https://www.shl.com/solutions/products/product-catalog/view/electrical-and-electronics-engineering-new/,Yes,No,14 minutes,K
Electrical Engineering (New),https://www.shl.com/solutions/products/product-catalog/view/electrical-engineering-new/,Yes,No,8 minutes,K
Electronics & Telecommunications Engineering (New),https://www.shl.com/solutions/products/product-catalog/view/electronics-and-telecommunications-engineering-new/,Yes,No,15 minutes,K
Electronics and Embedded Systems Engineering (New),https://www.shl.com/solutions/products/product-catalog/view/electronics-and-embedded-systems-engineering-new/,Yes,No,18 minutes,K
Electronics and Semiconductor Engineering (New),https://www.shl.com/solutions/products/product-catalog/view/electronics-and-semiconductor-engineering-new/,Yes,No,7 minutes,K
English Comprehension (New),https://www.shl.com/solutions/products/product-catalog/view/english-comprehension-new/,Yes,No,0 minutes,K
Fundamentals of Chemistry (New),https://www.shl.com/solutions/products/product-catalog/view/fundamentals-of-chemistry-new/,Yes,No,8 minutes,K
Fundamentals of Physics (New),https://www.shl.com/solutions/products/product-catalog/view/fundamentals-of-physics-new/,Yes,No,8 minutes,K
General Diseases (New),https://www.shl.com/solutions/products/product-catalog/view/general-diseases-new/,Yes,No,5 minutes,K
Geoinformatics Engineering (New),https://www.shl.com/solutions/products/product-catalog/view/geoinformatics-engineering-new/,Yes,No,10 minutes,K
Geoscience Engineering (New),https://www.shl.com/solutions/products/product-catalog/view/geoscience-engineering-new/,Yes,No,8 minutes,K
GIT (New),https://www.shl.com/solutions/products/product-catalog/view/git-new/,Yes,No,13 minutes,K
Global Skills Assessment,https://www.shl.com/solutions/products/product-catalog/view/global-skills-assessment/,Yes,No,16 minutes,"C, K"
Graduate Scenarios,https://www.shl.com/solutions/products/product-catalog/view/graduate-scenarios/,Yes,No,N/A,B
Graduate Scenarios Narrative Report,https://www.shl.com/solutions/products/product-catalog/view/graduate-scenarios-narrative-report/,Yes,No,N/A,B
Graduate Scenarios Profile Report,https://www.shl.com/solutions/products/product-catalog/view/graduate-scenarios-profile-report/,Yes,No,N/A,B
Hibernate (New),https://www.shl.com/solutions/products/product-catalog/view/hibernate-new/,Yes,No,5 minutes,K
HIPAA (Security),https://www.shl.com/solutions/products/product-catalog/view/hipaa-security/,Yes,Yes,15 minutes,K
HiPo Assessment Report 1.0,https://www.shl.com/solutions/products/product-catalog/view/hipo-assessment-report-1-0/,Yes,No,N/A,"C, P"
HiPo Assessment Report 2.0,https://www.shl.com/solutions/products/product-catalog/view/hipo-assessment-report-2-0/,Yes,No,N/A,"C, P"
HiPo Unlocking Potential Report 2.0,https://www.shl.com/solutions/products/product-catalog/view/hipo-unlocking-potential-report-2-0/,Yes,No,N/A,C
Housekeeping (New),https://www.shl.com/solutions/products/product-catalog/view/housekeeping-new/,Yes,No,7 minutes,K
HTML/CSS (New),https://www.shl.com/solutions/products/product-catalog/view/htmlcss-new/,Yes,No,12 minutes,K
HTML5 (New),https://www.shl.com/solutions/products/product-catalog/view/html5-new/,Yes,No,11 minutes,K
Human Resources (New),https://www.shl.com/solutions/products/product-catalog/view/human-resources-new/,Yes,No,8 minutes,K
IBM DataStage (New),https://www.shl.com/solutions/products/product-catalog/view/ibm-datastage-new/,Yes,No,15 minutes,K
IBM Sterling Order Management System (New),https://www.shl.com/solutions/products/product-catalog/view/ibm-sterling-order-management-system-new/,Yes,No,13 minutes,K
Industrial Engineering (New),https://www.shl.com/solutions/products/product-catalog/view/industrial-engineering-new/,Yes,No,9 minutes,K
Informatica (Architecture) (New),https://www.shl.com/solutions/products/product-catalog/view/informatica-architecture-new/,Yes,No,10 minutes,K
Informatica (Developer) (New),https://www.shl.com/solutions/products/product-catalog/view/informatica-developer-new/,Yes,No,11 minutes,K
Instrumentation Engineering (New),https://www.shl.com/solutions/products/product-catalog/view/instrumentation-engineering-new/,Yes,No,12 minutes,K
Interpersonal Communications,https://www.shl.com/solutions/products/product-catalog/view/interpersonal-communications/,Yes,Yes,15 minutes,K
Interviewing and Hiring Concepts (U.S.),https://www.shl.com/solutions/products/product-catalog/view/interviewing-and-hiring-concepts-u-s/,Yes,Yes,15 minutes,K
iOS Development (New),https://www.shl.com/solutions/products/product-catalog/view/ios-development-new/,Yes,No,7 minutes,K
ITIL (IT Infrastructure Library) (New),https://www.shl.com/solutions/products/product-catalog/view/itil-it-infrastructure-library-new/,Yes,No,8 minutes,K
Java 2 Platform Enterprise Edition 1.4 Fundamental,https://www.shl.com/solutions/products/product-catalog/view/java-2-platform-enterprise-edition-1-4-fundamental/,Yes,Yes,30 minutes,K
Java 8 (New),https://www.shl.com/solutions/products/product-catalog/view/java-8-new/,Yes,No,18 minutes,K
Java Design Patterns (New),https://www.shl.com/solutions/products/product-catalog/view/java-design-patterns-new/,Yes,No,5 minutes,K
Java Frameworks (New),https://www.shl.com/solutions/products/product-catalog/view/java-frameworks-new/,Yes,No,17 minutes,K
Java Platform Enterprise Edition 7 (Java EE 7),https://www.shl.com/solutions/products/product-catalog/view/java-platform-enterprise-edition-7-java-ee-7/,Yes,Yes,30 minutes,K
Java Web Services (New),https://www.shl.com/solutions/products/product-catalog/view/java-web-services-new/,Yes,No,8 minutes,K
JavaScript (New),https://www.shl.com/solutions/products/product-catalog/view/javascript-new/,Yes,No,9 minutes,K
Jenkins (New),https://www.shl.com/solutions/products/product-catalog/view/jenkins-new/,Yes,No,6 minutes,K
Job Control Language (New),https://www.shl.com/solutions/products/product-catalog/view/job-control-language-new/,Yes,No,10 minutes,K
jQuery (New),https://www.shl.com/solutions/products/product-catalog/view/jquery-new/,Yes,No,10 minutes,K
Kubernetes (New),https://www.shl.com/solutions/products/product-catalog/view/kubernetes-new/,Yes,No,6 minutes,K
Linux Administration (New),https://www.shl.com/solutions/products/product-catalog/view/linux-administration-new/,Yes,No,10 minutes,K
Linux Operating System,https://www.shl.com/solutions/products/product-catalog/view/linux-operating-system/,Yes,No,15 minutes,K
Linux Programming (General),https://www.shl.com/solutions/products/product-catalog/view/linux-programming-general/,Yes,Yes,25 minutes,K
Load Runner (New),https://www.shl.com/solutions/products/product-catalog/view/load-runner-new/,Yes,No,6 minutes,K
Management Scenarios,https://www.shl.com/solutions/products/product-catalog/view/management-scenarios/,Yes,No,N/A,B
Managerial Scenarios Candidate Report,https://www.shl.com/solutions/products/product-catalog/view/managerial-scenarios-candidate-report/,Yes,No,N/A,B
Managerial Scenarios Narrative Report,https://www.shl.com/solutions/products/product-catalog/view/managerial-scenarios-narrative-report/,Yes,No,N/A,B
Managerial Scenarios Profile Report,https://www.shl.com/solutions/products/product-catalog/view/managerial-scenarios-profile-report/,Yes,No,N/A,B
Manual Testing (New),https://www.shl.com/solutions/products/product-catalog/view/manual-testing-new/,Yes,No,10 minutes,K
Manufac. & Indust. - Mechanical & Vigilance 8.0,https://www.shl.com/solutions/products/product-catalog/view/mechanical-and-vigilance-focus-8-0/,Yes,No,49 minutes,"A, P"
Manufac. & Indust. - Safety & Dependability 8.0,https://www.shl.com/solutions/products/product-catalog/view/safety-and-dependability-focus-8-0/,Yes,No,16 minutes,P
Manufacturing & Industrial - Essential Focus 8.0,https://www.shl.com/solutions/products/product-catalog/view/essential-focus-8-0/,Yes,No,16 minutes,P
Manufacturing & Industrial - Mechanical Focus 8.0,https://www.shl.com/solutions/products/product-catalog/view/mechanical-focus-8-0/,Yes,No,31 minutes,"A, P"
Manufacturing & Industrial - Vigilance Focus 8.0,https://www.shl.com/solutions/products/product-catalog/view/vigilance-focus-8-0/,Yes,No,34 minutes,"A, P"
Marketing (New),https://www.shl.com/solutions/products/product-catalog/view/marketing-new/,Yes,No,9 minutes,K
Maven (New),https://www.shl.com/solutions/products/product-catalog/view/maven-new/,Yes,No,7 minutes,K
Mechanical Engineering (New),https://www.shl.com/solutions/products/product-catalog/view/mechanical-engineering-new/,Yes,No,7 minutes,K
Mechatronics Engineering (New),https://www.shl.com/solutions/products/product-catalog/view/mechatronics-engineering-new/,Yes,No,19 minutes,K
Medical Terminology (New),https://www.shl.com/solutions/products/product-catalog/view/medical-terminology-new/,Yes,No,3 minutes,K
Metallurgical Engineering (New),https://www.shl.com/solutions/products/product-catalog/view/metallurgical-engineering-new/,Yes,No,10 minutes,K
MFS 360 Enterprise Leadership Report,https://www.shl.com/solutions/products/product-catalog/view/mfs-360-enterprise-leadership-report/,Yes,No,N/A,D
MFS 360 UCF Group Report,https://www.shl.com/solutions/products/product-catalog/view/mfs-360-ucf-group-report/,Yes,No,N/A,D
MFS 360 UCF Performance Potential Dev Tips Report,https://www.shl.com/solutions/products/product-catalog/view/mfs-360-ucf-performance-potential-dev-tips-report/,Yes,No,N/A,D
MFS 360 UCF Standard Report,https://www.shl.com/solutions/products/product-catalog/view/mfs-360-ucf-standard-report/,Yes,No,N/A,D
Micro Focus Unified Functional Testing (New),https://www.shl.com/solutions/products/product-catalog/view/micro-focus-unified-functional-testing-new/,Yes,No,12 minutes,K
Microservices (New),https://www.shl.com/solutions/products/product-catalog/view/microservices-new/,Yes,No,7 minutes,K
Microsoft Dynamics Development (New),https://www.shl.com/solutions/products/product-catalog/view/microsoft-dynamics-development-new/,Yes,No,9 minutes,K
Microsoft Excel 365 - Essentials (New),https://www.shl.com/solutions/products/product-catalog/view/microsoft-excel-365-essentials-new/,Yes,No,30 minutes,"K, S"
Microsoft Excel 365 (New),https://www.shl.com/solutions/products/product-catalog/view/microsoft-excel-365-new/,Yes,No,35 minutes,"K, S"
Microsoft Outlook 2013 (adaptive),https://www.shl.com/solutions/products/product-catalog/view/microsoft-outlook-2013-adaptive/,Yes,Yes,25 minutes,K
Microsoft PowerPoint 365 - Essentials (New),https://www.shl.com/solutions/products/product-catalog/view/microsoft-powerpoint-365-essentials-new/,Yes,No,25 minutes,"K, S"
Microsoft SQL Server 2014 Programming,https://www.shl.com/solutions/products/product-catalog/view/microsoft-sql-server-2014-programming/,Yes,Yes,35 minutes,K
Global Skills Development Report,https://www.shl.com/solutions/products/product-catalog/view/global-skills-development-report/,Yes,No,N/A,"A, E, B, C, D, P"
.NET Framework 4.5,https://www.shl.com/solutions/products/product-catalog/view/net-framework-4-5/,Yes,Yes,30 minutes,K
.NET MVC (New),https://www.shl.com/solutions/products/product-catalog/view/net-mvc-new/,Yes,No,17 minutes,K
.NET MVVM (New),https://www.shl.com/solutions/products/product-catalog/view/net-mvvm-new/,Yes,No,5 minutes,K
.NET WCF (New),https://www.shl.com/solutions/products/product-catalog/view/net-wcf-new/,Yes,No,11 minutes,K
.NET WPF (New),https://www.shl.com/solutions/products/product-catalog/view/net-wpf-new/,Yes,No,9 minutes,K
.NET XAML (New),https://www.shl.com/solutions/products/product-catalog/view/net-xaml-new/,Yes,No,5 minutes,K
Accounts Payable (New),https://www.shl.com/solutions/products/product-catalog/view/accounts-payable-new/,Yes,No,9 minutes,K
Accounts Payable Simulation (New),https://www.shl.com/solutions/products/product-catalog/view/accounts-payable-simulation-new/,Yes,No,8 minutes,S
Accounts Receivable (New),https://www.shl.com/solutions/products/product-catalog/view/accounts-receivable-new/,Yes,No,13 minutes,K
Accounts Receivable Simulation (New),https://www.shl.com/solutions/products/product-catalog/view/accounts-receivable-simulation-new/,Yes,No,8 minutes,S
ADO.NET (New),https://www.shl.com/solutions/products/product-catalog/view/ado-net-new/,Yes,No,10 minutes,K
Oracle DBA (Advanced Level) (New),https://www.shl.com/solutions/products/product-catalog/view/oracle-dba-advanced-level-new/,Yes,No,12 minutes,K
Oracle DBA (Entry Level) (New),https://www.shl.com/solutions/products/product-catalog/view/oracle-dba-entry-level-new/,Yes,No,12 minutes,K
Oracle PL/SQL (New),https://www.shl.com/solutions/products/product-catalog/view/oracle-plsql-new/,Yes,No,11 minutes,K
Oracle WebLogic Server (New),https://www.shl.com/solutions/products/product-catalog/view/oracle-weblogic-server-new/,Yes,No,7 minutes,K
Organic Chemistry (New),https://www.shl.com/solutions/products/product-catalog/view/organic-chemistry-new/,Yes,No,10 minutes,K
Paint Technology (New),https://www.shl.com/solutions/products/product-catalog/view/paint-technology-new/,Yes,No,7 minutes,K
Pediatrics (New),https://www.shl.com/solutions/products/product-catalog/view/pediatrics-new/,Yes,No,5 minutes,K
Pega Development (New),https://www.shl.com/solutions/products/product-catalog/view/pega-development-new/,Yes,No,17 minutes,K
Perl (New),https://www.shl.com/solutions/products/product-catalog/view/perl-new/,Yes,No,9 minutes,K
Petrochemical Engineering (New),https://www.shl.com/solutions/products/product-catalog/view/petrochemical-engineering-new/,Yes,No,7 minutes,K
Petroleum Engineering (New),https://www.shl.com/solutions/products/product-catalog/view/petroleum-engineering-new/,Yes,No,10 minutes,K
Pharmaceutical Analysis (New),https://www.shl.com/solutions/products/product-catalog/view/pharmaceutical-analysis-new/,Yes,No,12 minutes,K
Global Skills Development Report,https://www.shl.com/solutions/products/product-catalog/view/global-skills-development-report/,Yes,No,N/A,"A, E, B, C, D, P"
.NET Framework 4.5,https://www.shl.com/solutions/products/product-catalog/view/net-framework-4-5/,Yes,Yes,30 minutes,K
.NET MVC (New),https://www.shl.com/solutions/products/product-catalog/view/net-mvc-new/,Yes,No,17 minutes,K
.NET MVVM (New),https://www.shl.com/solutions/products/product-catalog/view/net-mvvm-new/,Yes,No,5 minutes,K
.NET WCF (New),https://www.shl.com/solutions/products/product-catalog/view/net-wcf-new/,Yes,No,11 minutes,K
.NET WPF (New),https://www.shl.com/solutions/products/product-catalog/view/net-wpf-new/,Yes,No,9 minutes,K
.NET XAML (New),https://www.shl.com/solutions/products/product-catalog/view/net-xaml-new/,Yes,No,5 minutes,K
Accounts Payable (New),https://www.shl.com/solutions/products/product-catalog/view/accounts-payable-new/,Yes,No,9 minutes,K
Accounts Payable Simulation (New),https://www.shl.com/solutions/products/product-catalog/view/accounts-payable-simulation-new/,Yes,No,8 minutes,S
Accounts Receivable (New),https://www.shl.com/solutions/products/product-catalog/view/accounts-receivable-new/,Yes,No,13 minutes,K
Accounts Receivable Simulation (New),https://www.shl.com/solutions/products/product-catalog/view/accounts-receivable-simulation-new/,Yes,No,8 minutes,S
ADO.NET (New),https://www.shl.com/solutions/products/product-catalog/view/ado-net-new/,Yes,No,10 minutes,K
Production Engineering (New),https://www.shl.com/solutions/products/product-catalog/view/production-engineering-new/,Yes,No,10 minutes,K
Programming Concepts,https://www.shl.com/solutions/products/product-catalog/view/programming-concepts/,Yes,Yes,25 minutes,K
Project Management (2013),https://www.shl.com/solutions/products/product-catalog/view/project-management-2013/,Yes,Yes,30 minutes,K
Proofreading v1,https://www.shl.com/solutions/products/product-catalog/view/proofreading-v1/,Yes,No,6 minutes,K
Python (New),https://www.shl.com/solutions/products/product-catalog/view/python-new/,Yes,No,11 minutes,K
R Programming (New),https://www.shl.com/solutions/products/product-catalog/view/r-programming-new/,Yes,No,13 minutes,K
ReactJS (New),https://www.shl.com/solutions/products/product-catalog/view/reactjs-new/,Yes,No,10 minutes,K
Reading Comprehension - English v1,https://www.shl.com/solutions/products/product-catalog/view/reading-comprehension-english-v1/,Yes,Yes,35 minutes,A
Reading Comprehension - Spanish v1,https://www.shl.com/solutions/products/product-catalog/view/reading-comprehension-spanish-v1/,Yes,Yes,26 minutes,A
Reading Comprehension v2,https://www.shl.com/solutions/products/product-catalog/view/reading-comprehension-v2/,Yes,Yes,35 minutes,A
RemoteWorkQ,https://www.shl.com/solutions/products/product-catalog/view/remoteworkq/,Yes,No,10 minutes,C
RemoteWorkQ Manager Report,https://www.shl.com/solutions/products/product-catalog/view/remoteworkq-manager-report/,Yes,No,N/A,C
RemoteWorkQ Participant Report,https://www.shl.com/solutions/products/product-catalog/view/remoteworkq-participant-report/,Yes,No,N/A,C
RESTful Web Services (New),https://www.shl.com/solutions/products/product-catalog/view/restful-web-services-new/,Yes,No,12 minutes,K
Retail Sales and Service Simulation,https://www.shl.com/solutions/products/product-catalog/view/retail-sales-and-service-simulation/,Yes,No,30 minutes,"B, K, S, A"
Reviewing Forms - US (R1),https://www.shl.com/solutions/products/product-catalog/view/reviewing-forms-us-r1/,Yes,No,5 minutes,K
Ruby (New),https://www.shl.com/solutions/products/product-catalog/view/ruby-new/,Yes,No,11 minutes,K
Ruby on Rails (New),https://www.shl.com/solutions/products/product-catalog/view/ruby-on-rails-new/,Yes,No,11 minutes,K
Sales & Service Phone Simulation,https://www.shl.com/solutions/products/product-catalog/view/sales-and-service-phone-simulation/,Yes,No,20 minutes,"S, B"
Sales & Service Phone Solution,https://www.shl.com/solutions/products/product-catalog/view/sales-and-service-phone-solution/,Yes,No,35 minutes,"B, P, S"
Sales Interview Guide,https://www.shl.com/solutions/products/product-catalog/view/sales-interview-guide/,Yes,No,N/A,"P, P"
Sales Profiler Cards,https://www.shl.com/solutions/products/product-catalog/view/sales-profiler-cards/,Yes,No,N/A,P
Sales Transformation 1.0 - Individual Contributor,https://www.shl.com/solutions/products/product-catalog/view/sales-transformation-report-individual-contributor/,Yes,No,N/A,P
Sales Transformation 2.0 - Individual Contributor,https://www.shl.com/solutions/products/product-catalog/view/salestransformationreport2-0-individualcontributor/,Yes,No,N/A,P
Sales Transformation Report 1.0 - Sales Manager,https://www.shl.com/solutions/products/product-catalog/view/sales-transformation-report-sales-manager/,Yes,No,N/A,P
Sales Transformation Report 2.0 - Sales Manager,https://www.shl.com/solutions/products/product-catalog/view/sales-transformation-report-2-0-sales-manager/,Yes,No,N/A,P
Salesforce Development (New),https://www.shl.com/solutions/products/product-catalog/view/salesforce-development-new/,Yes,No,15 minutes,K
SAP ABAP (Advanced Level) (New),https://www.shl.com/solutions/products/product-catalog/view/sap-abap-advanced-level-new/,Yes,No,12 minutes,K
SAP ABAP (Intermediate Level) (New),https://www.shl.com/solutions/products/product-catalog/view/sap-abap-intermediate-level-new/,Yes,No,9 minutes,K
SAP Basis (New),https://www.shl.com/solutions/products/product-catalog/view/sap-basis-new/,Yes,No,9 minutes,K
SAP Business Objects WebI (New),https://www.shl.com/solutions/products/product-catalog/view/sap-business-objects-webi-new/,Yes,No,10 minutes,K
SAP BW (Business Warehouse) (New),https://www.shl.com/solutions/products/product-catalog/view/sap-bw-business-warehouse-new/,Yes,No,9 minutes,K
SAP HCM (Human Capital Management) (New),https://www.shl.com/solutions/products/product-catalog/view/sap-hcm-human-capital-management-new/,Yes,No,N/A,K
SAP Hybris (New),https://www.shl.com/solutions/products/product-catalog/view/sap-hybris-new/,Yes,No,20 minutes,K
SAP Materials Management (New),https://www.shl.com/solutions/products/product-catalog/view/sap-materials-management-new/,Yes,No,10 minutes,K
SAP SD (Sales and Distribution) (New),https://www.shl.com/solutions/products/product-catalog/view/sap-sd-sales-and-distribution-new/,Yes,No,8 minutes,K
Social Media (New),https://www.shl.com/solutions/products/product-catalog/view/social-media-new/,Yes,No,10 minutes,K
Software Business Analysis,https://www.shl.com/solutions/products/product-catalog/view/software-business-analysis/,Yes,Yes,30 minutes,K
SonarQube (New),https://www.shl.com/solutions/products/product-catalog/view/sonarqube-new/,Yes,No,N/A,K
Spelling (U.S.) (New),https://www.shl.com/solutions/products/product-catalog/view/spelling-u-s-new/,Yes,No,0 minutes,K
Split Screen Typing Test - Form 1,https://www.shl.com/solutions/products/product-catalog/view/split-screen-typing-test-form-1/,Yes,No,6 minutes,"A, K"
Spring (New),https://www.shl.com/solutions/products/product-catalog/view/spring-new/,Yes,No,9 minutes,K
SQL (New),https://www.shl.com/solutions/products/product-catalog/view/sql-new/,Yes,No,9 minutes,K
SQL Server (New),https://www.shl.com/solutions/products/product-catalog/view/sql-server-new/,Yes,No,11 minutes,K
SQL Server Analysis Services (SSAS) (New),https://www.shl.com/solutions/products/product-catalog/view/sql-server-analysis-services-%28ssas%29-%28new%29/,Yes,No,15 minutes,K
SQL Server Integration Services (SSIS) (New),https://www.shl.com/solutions/products/product-catalog/view/sql-server-integration-services-ssis-new/,Yes,No,10 minutes,K
SQL Server Reporting Services (SSRS) (New),https://www.shl.com/solutions/products/product-catalog/view/sql-server-reporting-services-ssrs-new/,Yes,No,10 minutes,K
Statistical Analysis System (New),https://www.shl.com/solutions/products/product-catalog/view/statistical-analysis-system-new/,Yes,No,11 minutes,K
Struts (New),https://www.shl.com/solutions/products/product-catalog/view/struts-new/,Yes,No,5 minutes,K
SVAR - Spoken English (AUS),https://www.shl.com/solutions/products/product-catalog/view/svar-spoken-english-aus/,Yes,No,N/A,S
SVAR - Spoken English (Indian Accent)  (New),https://www.shl.com/solutions/products/product-catalog/view/svar-spoken-english-indian-accent-new/,Yes,No,N/A,S
SVAR - Spoken English (U.K.),https://www.shl.com/solutions/products/product-catalog/view/svar-spoken-english-u-k/,Yes,No,N/A,S
SVAR - Spoken English (US)  (New),https://www.shl.com/solutions/products/product-catalog/view/svar-spoken-english-us-new/,Yes,No,N/A,S
SVAR - Spoken French (Canadian) (New),https://www.shl.com/solutions/products/product-catalog/view/svar-spoken-french-canadian-new/,Yes,No,N/A,S
SVAR - Spoken French (European) (New),https://www.shl.com/solutions/products/product-catalog/view/svar-spoken-french-european-new/,Yes,No,N/A,S
SVAR - Spoken Spanish (Castilian) (New),https://www.shl.com/solutions/products/product-catalog/view/svar-spoken-spanish-castilian-new/,Yes,No,N/A,S
SVAR - Spoken Spanish (North American) (New),https://www.shl.com/solutions/products/product-catalog/view/svar-spoken-spanish-north-american-new/,Yes,No,N/A,S
Swing (New),https://www.shl.com/solutions/products/product-catalog/view/swing-new/,Yes,No,4 minutes,K
Tableau (New),https://www.shl.com/solutions/products/product-catalog/view/tableau-new/,Yes,No,8 minutes,K
Telecommunications Engineering (New),https://www.shl.com/solutions/products/product-catalog/view/telecommunications-engineering-new/,Yes,No,7 minutes,K
Global Skills Development Report,https://www.shl.com/solutions/products/product-catalog/view/global-skills-development-report/,Yes,No,N/A,"A, E, B, C, D, P"
.NET Framework 4.5,https://www.shl.com/solutions/products/product-catalog/view/net-framework-4-5/,Yes,Yes,30 minutes,K
.NET MVC (New),https://www.shl.com/solutions/products/product-catalog/view/net-mvc-new/,Yes,No,17 minutes,K
.NET MVVM (New),https://www.shl.com/solutions/products/product-catalog/view/net-mvvm-new/,Yes,No,5 minutes,K
.NET WCF (New),https://www.shl.com/solutions/products/product-catalog/view/net-wcf-new/,Yes,No,11 minutes,K
.NET WPF (New),https://www.shl.com/solutions/products/product-catalog/view/net-wpf-new/,Yes,No,9 minutes,K
.NET XAML (New),https://www.shl.com/solutions/products/product-catalog/view/net-xaml-new/,Yes,No,5 minutes,K
Accounts Payable (New),https://www.shl.com/solutions/products/product-catalog/view/accounts-payable-new/,Yes,No,9 minutes,K
Accounts Payable Simulation (New),https://www.shl.com/solutions/products/product-catalog/view/accounts-payable-simulation-new/,Yes,No,8 minutes,S
Accounts Receivable (New),https://www.shl.com/solutions/products/product-catalog/view/accounts-receivable-new/,Yes,No,13 minutes,K
Accounts Receivable Simulation (New),https://www.shl.com/solutions/products/product-catalog/view/accounts-receivable-simulation-new/,Yes,No,8 minutes,S
ADO.NET (New),https://www.shl.com/solutions/products/product-catalog/view/ado-net-new/,Yes,No,10 minutes,K
Verify - G+,https://www.shl.com/solutions/products/product-catalog/view/verify-g/,Yes,Yes,36 minutes,A
Verify - General Ability Screen,https://www.shl.com/solutions/products/product-catalog/view/verify-general-ability-screen/,Yes,Yes,10 minutes,A
Verify - Inductive Reasoning (2014),https://www.shl.com/solutions/products/product-catalog/view/verify-inductive-reasoning-2014/,Yes,Yes,24 minutes,A
Verify - Numerical Ability,https://www.shl.com/solutions/products/product-catalog/view/verify-numerical-ability/,Yes,Yes,20 minutes,A
Verify - Technical Checking - Next Generation,https://www.shl.com/solutions/products/product-catalog/view/verify-technical-checking-next-generation/,Yes,No,5 minutes,A
Verify - Verbal Ability - Next Generation,https://www.shl.com/solutions/products/product-catalog/view/verify-verbal-ability-next-generation/,Yes,Yes,15 minutes,A
Verify - Working with Information,https://www.shl.com/solutions/products/product-catalog/view/verify-working-with-information/,Yes,No,10 minutes,A
Verify G+ - Ability Test Report,https://www.shl.com/solutions/products/product-catalog/view/verify-g-ability-test-report/,Yes,No,N/A,A
Verify G+ - Candidate Report,https://www.shl.com/solutions/products/product-catalog/view/verify-g-candidate-report/,Yes,No,N/A,A
Verify Interactive Ability Report,https://www.shl.com/solutions/products/product-catalog/view/verify-interactive-ability-report/,Yes,No,N/A,A
Verify Interactive G+ Candidate Report,https://www.shl.com/solutions/products/product-catalog/view/verify-interactive-g-candidate-report/,Yes,No,N/A,A
Verify Interactive G+ Report,https://www.shl.com/solutions/products/product-catalog/view/verify-interactive-g-report/,Yes,No,N/A,A
Verify Interactive Process Monitoring,https://www.shl.com/solutions/products/product-catalog/view/verify-interactive-process-monitoring/,Yes,No,18 minutes,A
Virtual Assessment and Development Centers,https://www.shl.com/solutions/products/product-catalog/view/virtual-assessment-and-development-centers/,Yes,No,N/A,P
Visual Basic for Applications (New),https://www.shl.com/solutions/products/product-catalog/view/visual-basic-for-applications-new/,Yes,No,7 minutes,K
Visual Comparison - UK,https://www.shl.com/solutions/products/product-catalog/view/visual-comparison-uk/,Yes,No,5 minutes,K
Visual Comparison - US,https://www.shl.com/solutions/products/product-catalog/view/visual-comparison-us/,Yes,No,5 minutes,K
VLSI and Embedded Systems (New),https://www.shl.com/solutions/products/product-catalog/view/vlsi-and-embedded-systems-new/,Yes,No,9 minutes,K
What Is The Value - US,https://www.shl.com/solutions/products/product-catalog/view/what-is-the-value-us/,Yes,Yes,5 minutes,K
Workplace Administration Skills (New),https://www.shl.com/solutions/products/product-catalog/view/workplace-administration-skills-new/,Yes,No,12 minutes,K
Workplace Health and Safety (New),https://www.shl.com/solutions/products/product-catalog/view/workplace-health-and-safety-new/,Yes,No,9 minutes,K
WriteX - Email Writing (Customer Service) (New),https://www.shl.com/solutions/products/product-catalog/view/writex-email-writing-customer-service-new/,Yes,No,15 minutes,S
WriteX - Email Writing (Managerial) (New),https://www.shl.com/solutions/products/product-catalog/view/writex-email-writing-managerial-new/,Yes,No,15 minutes,S
WriteX - Email Writing (Sales) (New),https://www.shl.com/solutions/products/product-catalog/view/writex-email-writing-sales-new/,Yes,No,15 minutes,"B, S"
Written English v1,https://www.shl.com/solutions/products/product-catalog/view/written-english-v1/,Yes,Yes,30 minutes,K
Written Spanish,https://www.shl.com/solutions/products/product-catalog/view/written-spanish/,Yes,Yes,22 minutes,K
Zabbix (New),https://www.shl.com/solutions/products/product-catalog/view/zabbix-new/,Yes,No,9 minutes,K
360 Digital Report,https://www.shl.com/solutions/products/product-catalog/view/360-digital-report/,Yes,No,N/A,D
360Â° Multi-Rater Feedback System (MFS),https://www.shl.com/solutions/products/product-catalog/view/360-multi-rater-feedback-system-mfs/,Yes,No,N/A,"D, P"
